﻿<?xml version="1.0" encoding="UTF-8"?>
<!-- Created by:  XBRL Wizard, EasyX -->
<!-- Document created: 20-06-2018 13:09:46 -->
<!-- Version:  -->
<link:linkbase xmlns:xsi="http://www.w3.org/2001/XMLSchema-instance" xsi:schemaLocation="http://www.xbrl.org/2003/linkbase http://www.xbrl.org/2003/xbrl-linkbase-2003-12-31.xsd" xmlns:link="http://www.xbrl.org/2003/linkbase" xmlns:xlink="http://www.w3.org/1999/xlink" xmlns:brli="http://www.xbrl.org/2003/instance">
  <link:roleRef roleURI="http://xbrl.dcca.dk/role/310.00/IncomeStatementByFunctionOfExpense" xlink:type="simple" xlink:href="http://archprod.service.eogs.dk/taxonomy/20161220/ifrs/full_ifrs_dk/ifrs-dk_310.00_2014-12-20/rol_ifrs-dk_310.00_2014-12-20.xsd#ifrs-dk_31000_IncomeStatementByFunctionOfExpense" />
  <link:presentationLink xlink:type="extended" xlink:role="http://xbrl.dcca.dk/role/310.00/IncomeStatementByFunctionOfExpense">
    <link:loc xlink:type="locator" xlink:href="http://archprod.service.eogs.dk/taxonomy/full_ifrs-cor_2014-03-05.xsd#ifrs-full_ProfitLossAbstract" xlink:label="ifrs-full_ProfitLossAbstract" xlink:title="ifrs-full_ProfitLossAbstract" />
    <link:loc xlink:type="locator" xlink:href="ASET_entry_20180620.xsd#ASET_EasyX_1270973626" xlink:label="EasyX_1270973626" xlink:title="EasyX_1270973626" />
    <link:presentationArc xlink:type="arc" xlink:arcrole="http://www.xbrl.org/2003/arcrole/parent-child" xlink:from="ifrs-full_ProfitLossAbstract" xlink:to="EasyX_1270973626" xlink:title="presentation: ifrs-full_ProfitLossAbstract to labelEasyX_1270973626" order="11.5" />
    <link:loc xlink:type="locator" xlink:href="ASET_entry_20180620.xsd#ASET_EasyX_681899882" xlink:label="EasyX_681899882" xlink:title="EasyX_681899882" />
    <link:presentationArc xlink:type="arc" xlink:arcrole="http://www.xbrl.org/2003/arcrole/parent-child" xlink:from="ifrs-full_ProfitLossAbstract" xlink:to="EasyX_681899882" xlink:title="presentation: ifrs-full_ProfitLossAbstract to labelEasyX_681899882" order="18.5" />
  </link:presentationLink>
</link:linkbase>