﻿<?xml version="1.0" encoding="UTF-8"?>
<!-- Created by:  XBRL Wizard, EasyX -->
<!-- Document created: 20-06-2018 13:09:46 -->
<!-- Version:  -->
<link:linkbase xmlns:xsi="http://www.w3.org/2001/XMLSchema-instance" xsi:schemaLocation="http://www.xbrl.org/2003/linkbase http://www.xbrl.org/2003/xbrl-linkbase-2003-12-31.xsd" xmlns:link="http://www.xbrl.org/2003/linkbase" xmlns:xlink="http://www.w3.org/1999/xlink" xmlns:brli="http://www.xbrl.org/2003/instance">
  <link:labelLink xlink:type="extended" xlink:role="http://www.xbrl.org/2003/role/link">
    <link:loc xlink:type="locator" xlink:href="ASET_entry_20180620.xsd#ASET_EasyX_1270973626" xlink:label="EasyX_1270973626" xlink:title="EasyX_1270973626" />
    <link:label xlink:type="resource" xlink:role="http://www.xbrl.org/2003/role/label" xlink:label="label_EasyX_1270973626" xlink:title="label_EasyX_1270973626" xml:lang="da" id="label_EasyX_1270973626">Salg, generelle og administrative omkostninger*</link:label>
    <link:labelArc xlink:type="arc" xlink:arcrole="http://www.xbrl.org/2003/arcrole/concept-label" xlink:from="EasyX_1270973626" xlink:to="label_EasyX_1270973626" xlink:title="label: EasyX_1270973626 to labellabel_EasyX_1270973626" order="10" />
    <link:label xlink:type="resource" xlink:role="http://www.xbrl.org/2003/role/label" xlink:label="label2_EasyX_1270973626" xlink:title="label2_EasyX_1270973626" xml:lang="en" id="label2_EasyX_1270973626">Selling, general and administrative*</link:label>
    <link:labelArc xlink:type="arc" xlink:arcrole="http://www.xbrl.org/2003/arcrole/concept-label" xlink:from="EasyX_1270973626" xlink:to="label2_EasyX_1270973626" xlink:title="label: EasyX_1270973626 to labellabel2_EasyX_1270973626" order="20" />
    <link:loc xlink:type="locator" xlink:href="ASET_entry_20180620.xsd#ASET_EasyX_681899882" xlink:label="EasyX_681899882" xlink:title="EasyX_681899882" />
    <link:label xlink:type="resource" xlink:role="http://www.xbrl.org/2003/role/label" xlink:label="label_EasyX_681899882" xlink:title="label_EasyX_681899882" xml:lang="da" id="label_EasyX_681899882">Foreign exchange (loss) gain*</link:label>
    <link:labelArc xlink:type="arc" xlink:arcrole="http://www.xbrl.org/2003/arcrole/concept-label" xlink:from="EasyX_681899882" xlink:to="label_EasyX_681899882" xlink:title="label: EasyX_681899882 to labellabel_EasyX_681899882" order="10" />
    <link:label xlink:type="resource" xlink:role="http://www.xbrl.org/2003/role/label" xlink:label="label2_EasyX_681899882" xlink:title="label2_EasyX_681899882" xml:lang="en" id="label2_EasyX_681899882">Foreign exchange (loss) gain*</link:label>
    <link:labelArc xlink:type="arc" xlink:arcrole="http://www.xbrl.org/2003/arcrole/concept-label" xlink:from="EasyX_681899882" xlink:to="label2_EasyX_681899882" xlink:title="label: EasyX_681899882 to labellabel2_EasyX_681899882" order="20" />
  </link:labelLink>
</link:linkbase>